<?xml version="1.0" encoding="UTF-8"?>
<project-private xmlns="http://www.netbeans.org/ns/project-private/1">
    <data xmlns="http://www.netbeans.org/ns/make-project-private/1">
        <activeConfTypeElem>1</activeConfTypeElem>
        <activeConfIndexElem>0</activeConfIndexElem>
    </data>
    <editor-bookmarks xmlns="http://www.netbeans.org/ns/editor-bookmarks/2" lastBookmarkId="0"/>
    <open-files xmlns="http://www.netbeans.org/ns/projectui-open-files/2">
        <group>
            <file>file:/C:/Users/samue/Desktop/Git/Trabalhos/trabalhos_academicos/PAA/TP01%20PAA/bubble.c</file>
            <file>file:/C:/Users/samue/Desktop/Git/Trabalhos/trabalhos_academicos/PAA/TP01%20PAA/quick_sort.c</file>
            <file>file:/C:/Users/samue/Desktop/Git/Trabalhos/trabalhos_academicos/PAA/TP01%20PAA/logica.c</file>
            <file>file:/C:/Users/samue/Desktop/Git/Trabalhos/trabalhos_academicos/PAA/TP01%20PAA/quick_sort.h</file>
            <file>file:/C:/Users/samue/Desktop/Git/Trabalhos/trabalhos_academicos/PAA/TP01%20PAA/logica.h</file>
            <file>file:/C:/Users/samue/Desktop/Git/Trabalhos/trabalhos_academicos/PAA/TP01%20PAA/bubble.h</file>
            <file>file:/C:/Users/samue/Desktop/Git/Trabalhos/trabalhos_academicos/PAA/TP01%20PAA/main.c</file>
        </group>
    </open-files>
</project-private>
